{
  "model": "G-VG Copula",
  "parameters": {
    "rho_low": 0.25,
    "rho_high": 0.6,
    "p_regime": 0.7,
    "df": 8
  },
  "ape": 437.5827339854454,
  "mae": 87.51654679708908,
  "improvement_vs_gaussian": -1.5191796773849056
}